{
  "project_info": {
    "project_number": "776696574862",
    "project_id": "gallery-8abe9",
    "storage_bucket": "gallery-8abe9.firebasestorage.app"
  },
  "client": [
    {
      "client_info": {
        "mobilesdk_app_id": "1:776696574862:android:8c12cb3943d3863e556adf",
        "android_client_info": {
          "package_name": "com.photo.video.gallery"
        }
      },
      "oauth_client": [],
      "api_key": [
        {
          "current_key": "AIzaSyDRtYhWgvnQHia6Mba5jejrY9XfP0GLR2Y"
        }
      ],
      "services": {
        "appinvite_service": {
          "other_platform_oauth_client": []
        }
      }
    }
  ],
  "configuration_version": "1"
}