{
  "project_info": {
    "project_number": "495559104202",
    "project_id": "my-files-b3581",
    "storage_bucket": "my-files-b3581.appspot.com"
  },
  "client": [
    {
      "client_info": {
        "mobilesdk_app_id": "1:495559104202:android:e8f353ed1721401db4c633",
        "android_client_info": {
          "package_name": "com.explorefile.filemanager"
        }
      },
      "oauth_client": [],
      "api_key": [
        {
          "current_key": "AIzaSyAQMwk8NQVer0FNSUY4HC7CTgf4mWNZvFE"
        }
      ],
      "services": {
        "appinvite_service": {
          "other_platform_oauth_client": []
        }
      }
    }
  ],
  "configuration_version": "1"
}